{
  "0": {
    "precision": 0.9489456159822419,
    "recall": 0.9953434225844005,
    "f1-score": 0.9715909090909091,
    "support": 859.0
  },
  "1": {
    "precision": 0.9595959595959596,
    "recall": 0.6737588652482269,
    "f1-score": 0.7916666666666666,
    "support": 141.0
  },
  "accuracy": 0.95,
  "macro avg": {
    "precision": 0.9542707877891008,
    "recall": 0.8345511439163137,
    "f1-score": 0.8816287878787878,
    "support": 1000.0
  },
  "weighted avg": {
    "precision": 0.950447314431776,
    "recall": 0.95,
    "f1-score": 0.9462215909090909,
    "support": 1000.0
  }
}