fold,f1
1,0.7532467532467533
2,0.7304347826086957
3,0.7048458149779736
4,0.7583333333333333
5,0.773109243697479
