{
  "dataset_rows": 5000,
  "dataset_columns": 70,
  "n_features_used": 66,
  "train_rows": 4000,
  "test_rows": 1000,
  "holdout": {
    "holdout_accuracy": 0.95,
    "holdout_f1": 0.7916666666666666,
    "holdout_precision": 0.9595959595959596,
    "holdout_recall": 0.6737588652482269
  },
  "cv_f1_mean": 0.7439939855728469,
  "cv_f1_std": 0.02671778483255938,
  "cv_f1_min": 0.7048458149779736,
  "cv_f1_max": 0.773109243697479,
  "cv_f1_ci95_low": 0.7108194740345033,
  "cv_f1_ci95_high": 0.7771684971111905,
  "roc_auc_holdout": 0.9062616104822531,
  "average_precision_holdout": 0.8488393325231103,
  "max_depth": null,
  "random_state": 1234
}