"max_depth","df","f_value","p_value"
"3",2,0.112034883497279,0.894076417674019
"5",2,8.96185016938295,0.000196161057178701
"None",2,6.82048640928326,0.00140118779724745
